user_id,salePointCode,user_type,rating
95,50,1,1
992,72,1,0
436,80,1,1
928,89,0,0
434,66,0,0
254,98,0,0
112,18,0,1
479,69,1,0
162,8,1,0
768,50,0,1
960,99,1,0
722,34,1,0
403,20,0,0
357,58,0,0
408,94,0,1
408,1,0,1
112,50,1,1
28,29,0,1
388,67,0,1
316,33,0,0
59,40,0,1
516,38,0,0
229,18,0,0
421,27,0,0
848,29,1,0
183,66,1,0
579,77,0,1
466,2,1,1
269,55,1,1
283,12,1,0
358,75,0,1
507,26,1,1
17,97,1,1
25,70,1,1
778,13,0,1
734,62,1,0
826,26,1,0
492,9,0,1
760,39,1,1
97,72,1,1
155,60,1,0
757,86,0,1
296,11,1,0
563,6,0,0
789,49,0,1
736,8,0,0
780,13,1,0
301,81,0,1
583,64,0,0
208,53,1,0
739,92,1,1
407,74,0,0
765,50,1,0
462,53,0,0
952,42,1,1
105,11,0,1
765,84,0,1
561,51,1,0
233,74,1,1
560,33,0,1
629,3,0,1
709,60,0,0
404,88,1,1
170,55,1,0
578,24,0,1
816,65,1,0
991,29,1,0
273,94,0,0
789,17,0,1
534,22,1,1
250,60,1,0
36,82,0,1
911,31,0,0
420,92,0,1
561,94,1,1
372,35,1,1
157,15,0,0
416,91,1,0
845,33,0,0
725,48,1,0
440,16,1,1
74,23,0,0
745,16,1,0
308,13,0,0
194,4,1,0
831,77,1,0
490,100,0,1
501,5,1,1
204,85,1,0
510,67,0,1
192,84,0,0
881,4,1,1
220,96,1,0
417,71,0,1
270,70,1,1
719,96,1,1
922,20,1,1
147,36,1,1
562,14,0,0
975,47,0,0
449,29,0,1
398,88,1,0
867,53,1,0
975,98,0,0
593,58,0,1
958,37,1,1
903,42,0,1
398,67,0,1
868,53,0,0
634,25,1,1
256,40,1,0
99,17,1,0
714,1,0,0
914,29,1,1
682,25,0,1
183,45,1,1
775,14,1,0
835,77,1,0
889,74,1,1
697,47,1,1
648,31,1,1
115,41,0,1
359,3,0,0
709,86,1,0
320,42,1,1
399,1,1,1
697,29,0,1
298,10,0,1
508,3,1,0
169,82,1,1
802,58,0,1
471,66,0,1
231,47,0,1
642,88,1,1
860,55,0,1
86,55,0,1
612,74,1,1
318,13,0,0
410,50,1,0
897,25,1,0
216,67,1,1
310,77,1,1
818,49,0,0
499,91,0,1
988,88,0,0
359,81,0,1
565,98,0,1
714,33,1,0
636,69,1,1
618,17,1,0
14,59,0,0
728,65,0,1
196,39,1,0
530,71,0,0
16,51,0,1
232,40,1,1
961,7,1,1
545,60,0,1
396,47,1,0
599,65,1,0
688,22,1,0
11,26,1,0
573,50,0,0
475,83,0,1
148,77,1,0
811,51,0,0
865,1,1,0
795,29,0,0
505,81,1,1
833,46,1,1
789,7,0,0
679,98,0,1
686,93,1,0
462,78,1,0
526,38,0,1
301,4,0,1
22,13,0,1
976,83,1,1
18,79,1,0
229,6,0,1
740,40,1,0
189,15,0,1
257,37,0,0
376,73,1,1
46,23,0,1
94,100,1,1
312,5,1,1
558,31,1,1
683,88,1,0
360,18,0,1
466,89,0,0
979,89,0,0
881,15,0,0
381,96,1,0
608,76,0,1
279,10,1,0
352,41,0,1
755,76,1,0
738,64,1,0
974,27,1,0
744,72,0,1
491,95,0,1
303,99,1,0
670,25,0,0
779,53,1,0
865,27,0,1
633,3,1,0
548,59,0,1
837,80,0,0
926,94,0,0
323,25,1,0
758,79,0,1
341,18,1,0
855,53,0,1
548,32,1,1
412,41,1,0
382,58,1,0
283,1,1,1
574,75,0,0
144,50,0,0
595,25,0,1
33,71,1,0
81,26,0,1
480,64,0,0
570,64,1,0
787,23,1,0
476,87,1,1
59,67,1,1
344,87,0,1
320,46,1,0
599,21,1,0
919,77,0,1
821,10,0,1
699,5,1,1
168,95,1,1
518,17,1,1
352,47,1,1
844,16,1,0
216,38,1,0
498,74,0,0
977,2,0,0
904,18,0,0
517,30,1,1
5,66,0,1
632,9,0,1
629,55,0,0
372,42,1,1
82,61,1,0
215,20,0,0
816,86,0,1
856,90,0,1
889,17,1,1
161,89,0,1
972,12,0,1
113,88,1,0
517,81,1,1
186,48,0,1
105,42,1,0
216,14,1,0
143,58,1,0
724,76,1,0
488,39,1,1
426,82,0,1
926,53,1,1
24,97,1,0
856,34,0,1
623,53,0,0
334,15,1,0
686,93,1,0
906,15,0,0
967,50,1,0
838,3,0,1
953,55,0,1
927,59,0,0
258,14,0,1
676,93,0,0
12,3,0,1
775,71,1,0
794,31,1,0
676,24,0,0
477,13,1,1
535,44,1,1
770,72,0,1
717,34,0,1
74,97,0,1
692,20,0,1
846,39,0,1
272,29,1,0
967,38,1,1
935,100,1,1
215,90,1,1
446,55,1,0
857,44,1,1
167,83,1,0
603,75,1,0
485,56,0,0
277,57,1,1
819,83,1,0
163,96,1,1
650,54,1,0
860,27,1,1
906,20,0,0
253,63,0,0
63,38,1,1
222,18,1,1
750,19,1,0
91,100,1,0
369,61,0,1
423,49,0,1
263,87,0,0
514,66,1,1
440,86,1,0
363,13,1,0
184,83,0,1
736,78,1,0
685,98,1,1
951,52,0,1
259,97,1,1
363,9,0,1
244,7,0,0
327,84,0,0
309,71,1,0
444,50,0,1
260,67,0,1
852,21,0,0
284,82,1,1
762,90,0,0
827,47,1,0
595,81,0,1
139,100,0,0
634,96,1,0
608,85,0,1
230,45,1,0
765,73,1,0
977,29,1,1
381,63,0,1
359,15,0,1
820,28,0,1
145,95,0,1
624,42,1,0
173,56,1,1
69,79,1,0
247,12,0,0
289,51,1,0
576,19,0,0
783,78,1,1
86,44,1,0
763,17,1,1
224,59,1,0
745,17,1,1
966,57,1,1
557,81,0,0
28,15,1,1
603,31,1,0
658,70,0,0
610,80,0,0
829,69,1,0
82,48,1,1
618,40,1,1
813,14,0,0
957,92,0,0
185,23,0,0
5,44,1,0
252,81,1,0
269,34,0,1
462,67,0,1
797,20,0,1
496,6,0,1
905,28,0,0
359,99,0,0
442,92,1,0
626,60,0,0
753,27,0,0
636,29,0,1
421,3,0,1
890,66,1,0
424,49,1,1
539,76,1,0
225,81,1,0
833,94,0,1
956,62,0,0
757,81,0,0
27,25,0,1
874,94,0,0
93,60,0,1
710,9,1,0
386,67,1,1
914,31,0,1
194,29,0,1
838,4,1,1
276,69,0,1
393,65,0,1
195,10,0,0
676,89,0,1
35,7,1,1
246,22,1,1
108,71,1,0
897,35,0,1
368,28,0,0
224,10,1,1
682,7,0,0
952,59,0,0
690,86,1,0
832,57,1,0
277,47,1,0
17,69,1,1
661,70,0,1
644,20,0,1
649,69,0,1
165,60,1,1
300,22,1,1
459,18,0,1
975,60,1,0
486,26,0,0
77,47,1,0
514,68,1,0
263,76,1,0
806,84,1,1
192,85,1,0
750,60,0,1
134,27,1,0
949,41,1,1
756,70,1,1
170,92,0,0
413,83,1,0
336,68,0,0
193,42,0,1
925,52,1,0
30,95,0,1
759,4,0,1
907,76,0,0
365,70,1,0
87,4,0,0
193,69,1,1
199,10,0,0
263,46,1,1
709,19,0,0
592,6,1,0
838,26,0,1
333,8,1,0
34,33,0,0
272,56,1,0
121,84,1,0
668,98,0,1
71,100,0,1
114,87,0,0
163,60,1,1
280,80,0,1
29,43,0,1
688,79,1,1
670,68,0,1
771,68,0,0
59,78,0,0
883,30,1,0
763,9,0,1
601,78,0,1
207,14,1,0
862,15,1,0
891,81,0,1
668,79,0,0
939,29,1,1
776,10,0,0
374,86,1,1
816,95,0,0
506,34,1,0
99,30,0,1
71,27,0,0
917,41,0,1
99,77,1,1
823,95,0,0
869,78,0,1
992,3,0,1
183,94,0,0
180,55,1,0
793,66,1,0
277,84,0,1
291,34,0,1
142,40,1,1
552,21,1,1
811,58,0,0
400,97,1,1
417,33,1,1
30,59,1,1
705,89,1,1
501,41,0,0
190,61,0,0
500,30,0,0
984,8,0,1
486,46,1,0
468,53,1,0
994,2,0,1
315,21,1,1
170,40,0,1
944,15,1,0
899,45,1,1
790,29,1,0
550,46,0,1
963,48,1,1
45,43,0,1
592,16,1,0
927,61,0,1
260,75,0,0
468,81,1,1
855,60,1,0
285,18,0,0
894,71,0,0
888,59,1,0
556,55,0,0
912,90,1,1
342,65,0,1
17,74,1,0
271,65,1,1
977,90,1,1
379,67,0,0
639,16,0,0
53,84,1,0
672,22,0,1
286,27,1,1
258,48,1,1
739,56,1,0
924,62,1,1
409,21,1,1
243,2,1,0
778,15,1,1
498,61,1,0
806,78,0,1
828,100,0,1
828,9,0,0
798,99,0,1
364,95,1,1
821,45,0,0
419,13,0,1
135,84,1,1
950,90,0,0
938,36,1,1
223,76,1,1
226,63,1,1
471,43,0,0
561,92,1,1
560,26,1,0
657,17,1,1
869,17,1,0
401,74,1,1
112,95,0,1
60,43,1,1
989,51,1,0
316,92,1,0
399,88,1,1
29,92,1,1
23,85,0,1
781,41,0,1
978,3,1,0
913,40,1,1
813,69,1,1
782,77,0,0
576,77,0,0
298,90,1,0
854,61,0,0
839,84,0,1
396,21,0,0
692,33,0,1
531,4,0,1
719,18,1,1
971,53,0,0
235,97,1,0
552,28,0,0
668,17,0,1
674,73,1,1
174,13,0,1
710,78,0,1
469,75,0,1
286,67,1,0
668,54,1,1
717,30,0,0
650,65,0,0
948,85,1,0
816,65,1,1
397,98,0,1
324,96,1,0
212,98,1,0
905,95,1,1
444,51,1,0
807,88,1,1
919,76,0,1
702,65,1,0
778,26,1,0
392,63,1,0
627,42,0,1
182,52,1,1
570,47,0,1
302,63,0,0
863,34,0,0
999,69,1,1
100,12,1,0
165,51,0,1
532,6,0,1
654,23,1,0
444,67,1,0
583,91,0,0
140,34,0,0
519,1,1,1
942,36,1,1
24,52,0,1
208,35,1,0
105,49,0,1
950,14,0,1
167,71,1,1
472,93,0,0
7,22,1,1
286,98,1,0
567,91,0,0
959,57,1,1
646,35,0,1
120,3,1,1
573,76,0,1
914,66,1,0
33,71,0,0
410,63,0,0
451,21,1,1
799,99,1,1
132,20,0,1
178,100,0,0
530,24,0,0
558,44,1,0
601,6,1,1
667,33,1,1
163,11,1,0
321,48,0,0
740,78,0,0
847,93,0,1
618,26,1,1
26,4,0,0
482,6,0,0
737,17,0,0
182,21,1,1
851,77,0,0
825,2,0,0
66,32,1,0
113,62,0,1
676,23,1,1
847,39,1,0
822,11,1,0
334,64,1,0
960,67,1,0
337,45,1,1
81,70,1,0
806,36,1,0
49,47,0,0
329,64,1,0
259,30,1,0
157,16,1,1
765,8,0,1
591,45,0,1
328,55,1,1
18,38,1,1
508,51,1,1
31,97,1,0
988,94,1,0
769,29,1,1
948,58,1,1
345,46,0,0
724,53,1,0
254,87,1,1
210,96,0,0
648,98,0,1
984,40,1,0
570,55,0,1
309,91,0,1
526,70,0,0
813,51,1,1
245,95,1,1
391,84,1,1
508,12,1,1
731,52,0,0
368,83,1,0
895,24,1,0
906,48,0,0
820,68,0,0
604,16,0,1
116,45,1,1
775,10,0,0
112,56,0,1
514,80,1,1
224,58,0,0
570,90,1,0
374,26,1,1
530,12,0,0
530,46,0,0
309,9,0,1
432,83,0,0
50,29,0,0
14,33,1,1
785,35,0,1
292,57,0,0
672,86,0,0
91,3,1,0
892,56,1,0
871,75,1,1
414,8,0,0
88,22,0,1
957,78,1,0
642,5,1,1
884,43,0,0
200,11,1,1
228,81,0,0
389,61,0,0
578,35,0,1
527,51,0,1
506,22,0,1
13,27,1,0
780,46,0,0
244,86,1,0
603,69,1,1
986,2,1,1
624,53,0,0
569,46,1,0
49,81,0,1
15,18,0,1
372,59,0,0
14,99,0,1
119,2,0,1
28,92,0,1
960,58,1,1
897,41,0,0
510,1,0,1
299,99,1,0
130,88,1,1
93,6,0,0
323,65,0,1
7,31,1,0
111,12,1,1
436,86,1,0
897,20,1,1
929,16,1,0
605,53,0,1
575,8,1,1
571,20,0,0
115,16,1,1
629,47,0,1
333,35,0,0
399,68,1,0
52,33,1,0
344,38,0,1
109,40,0,0
923,79,0,1
837,62,0,1
89,22,0,0
809,36,1,0
718,19,0,0
633,89,0,0
42,83,0,1
836,49,1,1
750,8,0,1
875,52,1,0
198,77,1,0
864,59,0,1
62,52,1,1
265,81,1,0
356,33,1,0
905,71,1,1
326,100,1,0
64,71,0,1
168,34,0,1
103,56,0,0
904,51,0,0
557,23,1,0
77,12,0,0
586,43,0,0
858,70,1,1
564,67,0,0
419,97,1,0
355,72,0,1
971,62,0,0
713,47,0,1
111,70,0,0
691,53,1,0
332,96,1,1
157,31,1,1
995,82,0,0
445,65,1,0
198,77,1,0
261,83,1,1
612,86,0,0
536,34,1,0
416,32,0,1
696,50,1,1
64,33,0,1
436,73,0,1
169,13,0,0
225,66,0,1
681,9,1,0
923,75,1,1
147,44,0,0
208,10,1,1
733,64,0,1
921,76,0,0
540,73,0,0
952,28,0,0
151,54,0,1
278,46,1,0
238,94,1,0
914,46,0,1
374,63,1,0
620,86,0,1
826,17,0,1
129,56,0,1
467,87,1,1
683,28,0,0
170,66,0,0
159,73,0,1
286,33,1,1
153,94,1,1
812,4,1,0
422,25,0,0
13,87,1,0
155,54,0,0
816,87,1,1
555,64,1,1
584,59,0,1
455,22,1,1
666,82,0,0
669,79,0,0
73,98,0,1
913,83,1,1
477,38,1,0
889,30,1,0
331,21,1,0
144,99,1,1
476,42,0,1
326,3,0,0
225,33,0,0
285,35,0,0
810,47,1,0
969,44,1,0
967,39,1,1
493,68,1,1
558,78,1,0
416,10,0,0
465,65,1,0
104,51,0,0
578,75,0,1
327,79,1,0
492,24,1,1
771,77,0,0
20,78,1,0
644,88,1,0
921,4,1,1
497,61,1,0
535,23,0,1
715,56,1,1
667,41,1,0
244,6,0,1
307,45,1,0
850,89,1,1
690,44,1,1
541,62,1,1
880,8,0,1
348,17,1,0
220,31,1,1
504,14,0,0
552,7,0,1
209,32,1,0
893,20,1,0
112,43,1,1
720,27,0,1
964,86,0,0
903,15,0,1
950,8,1,0
835,26,1,0
308,14,0,1
519,95,0,1
261,79,0,0
66,68,1,0
683,24,1,0
248,49,1,0
983,69,1,1
293,2,0,1
44,44,1,0
390,65,0,1
965,24,1,1
826,8,0,0
256,28,1,1
244,28,1,0
458,6,1,0
525,20,1,0
888,94,1,1
956,72,0,1
572,31,0,0
310,11,0,0
710,28,1,0
275,99,0,1
660,27,1,1
925,12,1,1
180,30,0,1
16,33,0,1
590,15,0,0
922,13,1,1
605,35,0,0
873,67,1,1
977,30,1,1
377,13,1,0
120,59,0,1
360,39,0,0
402,88,0,1
241,34,0,1
794,92,1,0
520,72,1,0
433,23,0,1
405,21,1,1
349,27,1,1
247,47,0,0
730,26,0,1
622,90,0,1
866,42,0,0
971,74,0,1
605,18,0,0
911,32,1,0
682,95,1,1
331,42,0,0
621,6,1,0
94,14,1,0
260,98,1,1
482,51,1,0
592,49,0,0
845,29,0,0
675,3,1,0
815,56,1,1
686,41,1,1
862,45,1,1
7,22,1,0
414,60,1,1
50,21,0,1
857,10,0,0
381,93,0,1
470,67,0,0
179,88,0,0
854,99,0,0
903,72,0,0
86,50,0,1
379,76,0,0
820,46,0,0
604,6,1,1
500,77,1,1
914,8,0,0
138,17,0,1
661,82,1,1
961,2,1,1
733,72,1,0
909,22,1,0
346,7,1,0
403,2,0,0
153,76,1,0
730,55,1,0
491,80,0,0
146,15,0,1
848,83,0,0
53,39,1,0
967,36,0,0
564,16,1,0
595,66,0,0
390,24,1,1
164,24,1,1
4,8,0,1
768,8,0,1
851,69,1,1
561,35,0,0
583,3,1,0
751,32,1,0
620,46,0,1
925,55,0,0
326,57,0,0
519,34,1,1
190,95,1,1
875,33,0,0
189,45,0,1
430,13,1,0
698,39,0,0
245,85,0,1
902,63,1,1
375,41,0,0
594,23,0,0
913,26,1,1
384,17,0,1
94,70,0,1
743,19,1,0
687,98,0,0
28,42,0,0
170,2,0,0
433,41,0,1
829,93,1,0
380,93,0,0
585,1,0,1
787,27,0,1
648,19,1,0
177,4,0,0
482,7,1,0
865,93,0,1
93,28,0,1
386,32,0,0
159,14,1,1
341,20,1,1
634,48,1,1
693,45,0,0
564,30,0,0
143,74,1,1
13,57,1,1
336,32,1,1
732,99,1,1
939,27,1,0
189,29,0,0
596,88,0,1
422,91,0,1
224,7,0,1
656,99,1,1
918,70,1,0
955,73,1,1
742,25,0,1
578,33,0,1
870,65,0,1
398,74,1,1
776,57,1,0
661,4,0,0
447,15,1,0
735,41,0,1
511,15,0,0
190,17,1,0
620,58,0,1
940,92,1,1
194,63,1,0
2,71,0,0
529,30,0,1
495,34,1,1
991,59,0,1
331,82,0,0
928,86,1,0
827,81,0,0
971,32,0,1
220,64,0,0
561,45,0,1
981,31,1,1
168,96,0,0
196,63,1,1
215,66,0,0
564,76,0,0
363,64,0,1
655,80,1,1
839,53,0,1
501,75,1,1
503,44,0,1
281,75,1,1
614,69,1,0
744,6,1,1
648,32,0,1
773,8,0,1
404,55,1,1
89,22,1,0
959,89,1,0
200,3,1,0
9,94,1,0
846,1,1,1
800,23,0,0
397,72,1,0
715,47,1,0
26,54,1,1
177,2,0,1
292,85,1,0
463,34,0,0
19,91,0,1
352,24,0,0
279,83,0,1
664,70,0,1
630,24,1,0
476,42,1,0
46,74,0,0
193,86,0,1
822,68,1,0
928,90,0,1
316,42,0,0
746,25,0,1
231,75,1,0
952,91,1,0
547,34,0,1
745,3,1,0
656,24,0,1
4,85,0,1
637,84,0,0
343,15,1,1
261,95,1,1
865,71,1,0
869,87,0,1
64,17,0,0
419,34,1,0
980,73,1,0
876,14,1,0
753,82,1,0
285,38,0,1
650,99,1,0
580,86,0,0
621,65,0,1
625,25,0,1
71,76,0,1
815,91,1,0
118,76,1,0
825,90,0,1
560,61,1,1
998,50,0,0
669,57,1,0
889,77,0,1
328,84,0,0
517,21,1,1
248,64,0,1
261,77,1,1
159,5,1,1
752,70,0,0
936,30,1,0
982,84,0,0
257,71,0,1
849,96,1,0
628,46,0,1
724,58,1,0
714,42,0,1
670,90,1,1
384,23,1,0
987,26,0,1
512,84,1,1
903,5,0,0
371,25,1,1
857,39,0,1
914,42,0,0
548,27,1,0
899,47,0,0
761,77,1,1
43,83,1,1
868,52,1,0
888,21,1,1
166,49,0,1
109,71,1,0
65,100,1,1
64,5,0,1
41,50,0,0
29,59,1,0
712,72,1,0
198,32,0,1
116,43,1,1
652,9,0,0
847,28,1,0
905,76,1,0
627,81,0,1
729,35,1,0
277,95,0,0
340,77,1,1
280,92,0,1
141,14,0,1
177,13,1,1
893,78,1,1
851,30,1,1
115,95,1,1
368,62,0,1
313,3,0,0
209,99,0,0
721,60,0,0
758,45,1,1
66,81,1,0
479,70,0,1
387,93,1,1
486,6,0,1
169,85,1,1
287,10,0,1
650,42,0,0
882,64,1,0
337,97,1,0
421,58,1,0
407,35,1,0
93,99,1,0
774,47,0,1
783,22,0,1
730,100,0,1
586,23,1,0
449,32,1,0
752,96,1,1
872,48,1,1
196,32,0,0
575,13,0,1
314,26,0,1
483,52,1,1
461,60,0,0
311,63,0,1
759,53,0,0
475,67,1,1
588,68,0,0
52,13,1,0
232,14,0,1
827,22,1,0
60,4,1,0
308,95,1,0
779,62,1,1
999,99,1,1
313,32,1,1
474,53,1,0
14,7,1,1
351,36,1,0
570,41,0,0
229,82,0,0
604,30,0,0
316,57,1,0
290,3,0,1
441,59,1,0
918,37,1,1
375,34,1,1
691,60,0,1
922,97,0,0
278,93,1,1
531,91,1,1
965,88,0,0
349,58,1,1
975,38,1,0
108,93,0,1
147,37,0,1
310,55,1,1
987,96,0,1
539,30,1,1
237,52,1,1
59,28,1,0
903,51,1,1
310,43,1,0
680,21,1,0
955,6,1,0
937,2,0,0
82,73,0,1
712,20,1,0
667,12,0,0
673,98,1,0
800,40,1,0
765,89,1,1
279,82,0,1
939,60,0,1
614,30,0,0
296,49,1,1
576,49,0,0
78,50,1,1
833,68,0,1
141,44,1,1
833,34,0,0
276,59,1,1
194,68,1,1
694,37,1,0
339,94,0,0
59,86,0,1
843,28,1,1
227,59,0,0
150,64,1,0
27,93,1,0
569,24,0,1
669,51,1,0
920,77,1,0
879,80,1,0
782,39,1,1
196,87,1,1
614,89,0,0
938,36,0,0
919,88,1,1
308,38,1,0
896,30,1,1
706,45,0,0
726,24,1,1
166,12,1,0
25,12,0,0
824,24,0,0
770,97,0,0
427,83,0,0
247,94,0,0
13,92,0,0
143,71,1,0
867,97,0,0
70,82,0,1
934,12,1,0
531,55,0,0
553,91,1,1
646,62,0,1
784,93,0,0
605,3,0,0
331,52,1,1
1000,74,0,0
413,36,1,1
939,51,1,0
434,88,0,0
903,1,1,0
321,36,0,0
842,55,1,0
286,34,0,0
710,23,0,1
388,40,0,0
59,70,1,0
790,73,0,1
230,7,1,0
515,3,1,1
601,9,0,1
556,56,1,0
800,61,0,1
612,33,0,1
898,32,1,0
95,49,0,0
298,73,0,0
720,37,1,0
742,29,0,1
789,61,0,1
641,57,0,0
444,38,1,0
805,7,0,0
870,75,0,0
121,100,1,1
259,56,0,0
701,98,0,0
736,46,1,1
525,23,0,1
58,73,0,1
116,88,1,1
428,79,0,1
679,60,1,1
648,78,0,1
892,59,1,0
231,16,0,1
309,20,0,1
719,35,0,0
440,99,0,0
72,52,1,1
754,53,0,0
986,39,0,0
653,36,1,1
378,34,0,1
404,3,0,0
98,3,1,1
324,37,0,0
534,16,1,0
176,34,0,1
890,3,0,0
144,95,0,1
74,34,0,0
109,79,0,1
667,76,0,0
921,10,1,1
140,54,1,1
636,6,0,0
102,52,1,0
975,46,0,0
412,14,0,0
680,88,1,1
2,20,0,0
940,80,0,1
219,91,1,1
74,38,1,0
724,16,0,0
354,17,0,0
537,64,0,1
562,87,1,1
675,69,1,0
472,89,0,1
987,12,0,0
562,4,1,0
982,98,1,1
638,8,1,1
95,56,1,0
81,5,1,0
387,7,0,0
797,99,1,1
44,32,1,0
316,44,1,0
447,3,0,1
209,25,1,1
810,94,0,0
310,77,1,0
512,5,0,0
151,90,1,1
577,72,1,0
497,3,1,1
471,53,0,1
715,89,0,0
782,9,1,1
979,32,0,1
262,7,1,0
743,2,0,0
167,36,0,1
621,34,0,0
684,49,0,0
522,29,0,0
751,59,0,1
764,37,1,0
30,41,0,1
187,24,0,0
345,59,1,0
48,65,0,1
770,56,0,1
999,89,0,1
195,85,1,1
170,2,0,0
105,50,1,1
172,87,0,1
630,29,1,1
293,44,1,0
302,76,1,0
559,92,0,1
755,73,1,1
97,54,1,0
883,86,0,0
186,24,0,0
456,56,1,0
195,2,0,0
919,30,1,1
633,95,1,0
819,99,0,1
326,2,1,1
427,62,0,1
758,68,1,1
407,63,1,1
233,5,0,0
652,3,0,1
295,41,1,0
71,67,1,1
981,93,1,0
120,94,1,0
628,2,0,0
114,100,0,0
424,23,0,0
457,22,1,0
971,97,1,1
897,54,0,0
173,95,1,1
863,26,0,0
241,49,1,0
492,74,0,0
159,32,1,1
687,80,0,1
170,100,0,1
23,100,1,1
27,86,1,1
457,12,1,0
132,70,0,0
184,25,0,1
195,94,1,1
472,96,0,1
727,1,1,1
202,34,0,1
765,2,1,1
888,75,1,1
871,55,0,1
888,45,1,0
939,32,1,0
381,44,0,0
565,4,1,1
991,74,0,1
469,94,1,1
440,26,1,1
781,90,1,0
517,5,1,0
545,98,1,0
682,12,0,0
225,58,1,1
90,49,0,1
148,1,0,1
9,73,1,1
464,89,1,0
117,43,0,1
919,80,0,1
948,44,0,0
786,7,0,0
994,34,1,0
70,56,0,1
235,86,0,1
154,80,0,1
288,84,1,1
536,7,0,0
845,55,0,0
832,31,1,0
782,62,0,1
45,64,1,1
460,61,0,0
500,19,0,0
625,43,0,0
101,58,0,1
975,70,0,1
831,2,1,1
295,50,1,1
384,79,0,0
625,50,0,0
632,9,1,1
3,53,1,1
5,40,0,1
684,49,1,1
976,95,0,1
671,59,0,1
75,4,1,1
644,16,0,1
823,56,1,0
664,15,1,1
988,63,0,0
222,52,1,1
202,99,1,1
103,46,0,1
1000,84,1,0
164,76,1,0
714,14,0,1
728,2,0,1
648,31,1,0
724,98,1,1
760,28,0,0
99,19,0,0
870,93,0,1
901,91,0,1
896,6,1,1
367,21,0,1
544,22,0,1
449,100,0,0
441,11,0,0
285,44,1,1
647,2,0,0
851,40,0,0
714,58,1,0
404,81,0,1
730,26,1,1
359,58,0,1
470,7,1,1
479,51,1,1
321,87,1,0
212,56,1,1
229,22,0,1
941,83,1,0
976,41,1,1
637,84,0,1
423,24,1,1
725,65,1,0
168,41,0,1
530,26,0,1
25,16,1,0
287,13,1,0
200,24,1,1
635,57,1,0
687,16,0,1
989,74,1,1
69,8,0,1
59,99,1,1
140,26,1,1
848,17,0,1
801,75,0,1
765,44,0,0
422,69,0,1
47,13,1,0
332,19,0,0
928,24,0,0
367,23,1,0
12,42,0,0
408,11,1,1
257,92,0,1
255,56,1,0
971,43,0,0
612,92,1,0
253,49,1,1
725,11,0,1
698,47,1,1
639,30,1,0
56,4,1,0
694,33,1,1
99,65,1,1
454,82,0,0
464,47,1,1
860,40,1,1
540,63,1,0
35,17,0,1
136,67,1,1
428,35,1,0
141,81,1,0
872,96,0,1
253,98,1,0
902,30,1,1
538,64,1,0
669,41,1,0
297,99,1,1
907,21,0,1
866,97,1,0
146,19,1,0
629,91,1,0
46,48,1,0
823,96,1,0
287,79,1,0
1000,89,0,0
425,89,0,0
956,31,0,1
308,59,1,0
383,41,1,1
536,23,1,1
547,100,1,1
769,56,0,1
666,32,1,1
649,25,0,0
711,91,0,0
140,40,0,1
130,50,0,0
355,50,0,0
1,41,1,1
172,24,1,1
329,66,1,1
579,64,1,0
842,63,0,1
860,46,0,1
723,35,1,1
888,85,1,0
809,82,0,1
501,26,1,0
67,50,0,1
66,52,0,0
688,75,0,1
715,1,1,1
356,63,1,0
309,28,0,0
144,83,1,0
721,66,0,1
516,43,1,1
613,90,0,1
383,86,1,1
553,100,0,0
222,59,0,0
681,7,0,1
397,67,1,0
838,61,1,0
553,90,0,1
651,32,0,0
598,6,0,0
942,75,0,0
512,95,1,1
474,32,0,0
460,97,0,0
889,40,1,0
995,97,1,1
279,11,0,1
490,18,1,1
551,69,0,0
105,21,1,0
296,67,1,0
821,31,1,0
134,73,1,1
242,43,0,0
682,29,0,0
251,93,1,1
629,13,0,1
986,72,1,1
892,49,0,0
73,59,1,1
990,12,0,0
763,15,0,0
195,17,0,1
765,2,1,1
499,11,1,0
753,17,0,0
233,86,1,1
624,97,0,0
279,93,0,1
938,6,0,0
559,41,0,1
12,46,1,1
36,99,1,0
268,16,1,1
994,28,0,0
760,34,0,1
125,97,0,0
546,71,1,1
511,16,0,0
237,55,1,0
840,38,0,0
413,75,1,0
461,37,0,1
803,12,0,0
429,29,0,0
790,10,1,0
277,92,1,0
964,75,0,1
884,89,1,1
468,90,0,0
335,42,0,0
513,45,0,0
408,11,1,0
669,97,0,0
367,1,1,1
808,98,0,1
966,74,0,0
952,90,0,1
36,49,0,1
926,9,1,0
26,81,1,1
173,95,0,0
211,41,1,0
940,36,1,1
157,25,1,0
78,34,0,1
532,33,0,0
768,1,1,1
753,45,0,1
669,59,1,1
658,3,0,0
701,51,1,1
746,21,0,0
935,51,1,1
196,86,1,1
297,57,1,0
660,69,1,0
860,36,1,0
869,70,1,0
798,31,1,0
354,47,0,1
787,50,0,1
672,9,0,0
869,68,0,1
59,92,1,1
975,4,0,0
597,6,1,0
922,69,0,1
123,38,0,0
898,68,0,0
181,71,0,0
225,32,1,0
581,89,0,1
900,95,0,0
11,88,1,1
618,18,1,0
215,55,0,0
71,28,0,1
351,83,1,0
530,70,0,1
751,44,1,0
318,5,0,0
228,20,0,1
247,77,0,1
999,88,0,1
186,86,0,0
625,1,1,0
498,98,1,1
898,61,1,1
288,18,1,1
17,82,1,0
840,92,1,1
245,86,0,1
370,70,1,0
73,59,0,0
602,63,0,0
664,28,1,1
345,1,0,0
8,43,0,0
808,41,0,1
968,13,1,1
855,41,1,0
925,22,0,1
688,43,0,1
822,93,0,1
604,24,0,0
65,28,1,1
169,85,0,1
251,63,0,1
471,98,1,0
184,9,1,0
408,27,1,0
836,39,0,0
978,93,1,0
534,5,0,1
722,32,0,1
651,32,0,1
783,15,0,1
741,8,1,1
100,58,1,0
604,21,0,0
74,8,0,0
354,53,0,0
702,93,0,1
414,93,1,1
995,25,0,0
618,34,1,0
106,9,0,1
79,24,1,1
93,4,0,0
672,62,1,1
478,31,0,0
394,83,1,0
32,79,1,0
777,99,0,0
925,35,1,0
408,52,0,0
251,93,1,1
805,8,0,0
179,13,0,0
888,80,0,1
771,62,1,0
189,88,1,1
358,75,0,1
878,20,1,0
197,85,1,1
658,68,1,1
324,42,1,1
238,38,1,1
979,12,0,0
852,27,1,0
592,66,1,0
678,13,0,0
441,46,0,0
444,62,0,1
266,76,0,0
856,1,0,0
273,94,0,1
599,10,0,1
392,50,1,1
253,25,1,0
825,63,1,0
398,1,0,1
158,63,1,1
448,54,0,1
242,25,0,1
861,40,1,0
142,75,0,1
786,41,1,1
301,68,0,0
619,88,0,0
406,55,1,1
550,14,0,0
380,36,1,0
191,42,1,1
752,71,0,0
158,41,0,1
369,7,1,0
57,57,0,0
796,74,1,1
593,4,0,1
190,71,0,1
214,71,1,1
780,97,0,1
759,48,1,0
381,94,0,0
621,65,1,0
141,40,0,0
447,47,0,1
316,9,1,1
305,34,1,1
38,68,1,0
387,11,1,0
270,26,1,1
370,89,1,1
207,43,0,1
431,70,1,1
81,90,1,1
781,89,1,0
763,71,1,0
86,89,0,0
867,25,0,1
775,29,0,0
803,11,0,0
866,1,0,1
103,31,1,1
418,86,0,1
401,72,0,0
302,38,0,0
251,55,1,1
96,46,1,1
430,14,0,1
379,62,1,0
882,30,0,0
630,40,1,1
300,87,0,0
530,9,0,0
490,95,1,1
753,68,1,0
873,9,0,0
418,47,0,1
628,94,0,1
742,52,1,0
213,88,0,1
230,99,0,0
952,41,0,0
103,59,0,0
119,97,0,0
117,80,1,0
868,75,1,0
477,71,0,1
728,29,1,0
889,30,1,1
931,43,1,1
60,15,1,1
644,96,1,1
620,28,1,1
329,28,1,1
430,79,0,0
388,37,0,1
914,25,1,0
958,15,0,1
2,21,1,1
397,11,0,1
216,55,0,1
260,44,1,0
888,49,1,0
569,72,0,1
105,84,0,1
23,11,1,1
852,97,0,0
106,91,1,1
606,49,0,1
616,39,0,0
202,100,0,0
377,81,1,0
696,4,1,1
409,35,0,1
695,70,1,1
189,92,0,1
568,96,1,0
967,8,1,1
583,21,0,1
381,40,1,1
993,63,0,0
281,8,0,1
579,41,0,1
748,74,1,0
643,41,0,0
393,67,0,0
110,38,0,1
518,93,1,0
583,60,1,1
425,3,0,0
115,10,0,0
43,36,0,1
396,53,0,0
166,100,1,0
652,25,1,0
496,46,1,1
36,25,1,1
319,44,0,1
56,69,1,0
979,14,1,0
595,92,0,1
142,22,0,0
937,96,1,1
518,37,0,1
701,57,0,0
744,73,1,1
635,40,1,0
941,58,1,0
379,98,0,0
581,45,1,0
156,92,0,1
732,82,0,0
796,6,0,1
70,65,0,0
435,40,0,0
117,32,1,0
75,63,1,0
437,22,0,0
403,40,1,1
450,4,0,0
388,82,0,0
362,63,0,1
453,75,1,0
876,55,0,0
823,52,1,1
824,86,0,1
927,13,1,0
791,17,0,1
57,52,1,0
804,90,1,1
909,55,0,0
690,62,0,0
1000,54,0,0
603,43,1,0
811,3,0,0
196,70,1,1
105,88,0,1
751,3,0,0
553,94,0,1
851,12,1,1
555,40,0,0
951,24,0,1
474,50,0,0
879,77,1,1
376,65,0,0
578,27,1,0
435,78,1,1
365,95,1,1
542,100,0,0
474,59,0,0
275,99,0,1
47,21,1,0
324,24,0,1
928,95,1,1
308,68,1,1
15,11,1,1
207,33,0,0
972,52,1,1
336,36,0,1
393,3,1,0
423,76,1,1
227,12,0,1
143,97,1,1
595,26,0,1
699,48,1,1
662,69,1,1
648,49,1,0
566,10,1,0
97,42,1,1
865,50,0,0
236,42,1,1
610,70,1,0
719,99,1,1
153,87,1,0
9,83,1,0
405,3,0,1
485,45,0,0
308,81,1,0
142,24,0,1
197,66,1,1
451,67,1,0
420,69,0,1
575,54,0,1
19,73,1,0
795,10,0,0
858,14,1,1
400,60,1,1
233,37,1,0
391,35,1,0
921,57,1,0
364,66,0,1
204,31,0,0
997,53,0,0
679,5,0,0
915,34,1,1
551,81,0,0
386,36,0,1
92,65,1,1
6,61,0,1
637,39,1,1
916,60,0,0
717,3,0,1
175,92,1,1
905,51,0,1
667,28,1,1
513,14,1,0
179,31,1,1
643,82,0,0
345,75,0,1
687,99,1,1
936,16,1,1
43,84,1,1
505,6,1,0
931,56,0,0
134,33,1,0
538,37,1,0
648,73,1,0
395,8,1,1
282,26,0,1
614,87,1,0
260,80,1,0
625,95,0,0
935,8,0,0
849,75,0,0
963,43,0,1
106,26,0,1
420,96,1,0
239,12,0,0
260,79,0,0
944,69,0,1
477,79,0,0
536,97,0,1
940,88,0,1
911,47,0,0
262,25,1,0
509,44,0,0
147,66,0,0
767,94,1,0
373,99,0,0
656,89,1,0
327,99,0,1
626,70,0,1
654,1,1,1
908,90,0,1
416,60,1,1
938,57,1,1
716,98,1,0
305,84,0,1
415,91,0,1
472,47,1,0
979,98,1,0
857,47,0,1
720,83,1,0
345,73,0,1
669,60,1,0
311,8,0,0
815,88,0,1
820,58,1,1
773,90,1,0
386,32,0,1
85,59,0,0
65,70,0,1
155,78,0,1
436,38,0,1
677,49,1,0
270,72,1,0
335,61,1,0
101,92,1,1
584,2,0,1
760,21,1,1
129,51,1,0
783,82,1,0
384,39,1,0
656,40,0,1
244,93,0,0
579,7,0,0
710,51,1,1
271,78,0,1
972,39,0,0
677,55,0,1
421,33,1,0
793,86,1,1
777,32,1,1
561,59,1,0
493,77,0,0
47,71,1,1
296,4,1,1
377,4,1,0
630,95,1,1
136,50,1,1
532,57,0,0
502,59,1,1
510,96,0,0
879,5,0,0
167,37,1,0
666,58,1,1
32,26,0,0
594,22,1,0
157,95,0,1
30,60,1,1
190,60,1,1
97,47,0,0
443,58,0,0
991,53,0,0
925,58,1,1
769,25,1,1
37,80,0,1
256,89,1,0
936,84,1,0
297,100,0,0
919,20,1,1
745,72,0,1
81,31,1,1
772,85,0,1
213,46,0,1
435,35,0,0
522,76,0,1
541,94,0,0
557,16,1,0
280,11,0,1
181,91,0,0
238,12,0,1
59,64,1,1
692,87,0,1
171,5,1,0
766,43,0,1
146,78,1,0
777,91,0,0
226,62,0,1
293,81,1,0
443,78,1,0
773,6,1,0
245,46,0,1
324,84,1,1
138,60,1,0
256,46,0,1
566,2,0,1
833,89,1,0
875,29,1,0
580,44,1,1
881,30,1,0
984,66,1,0
215,19,0,1
731,68,1,1
80,61,0,0
350,100,0,0
958,20,0,1
85,31,1,0
365,77,1,1
500,48,1,1
868,5,1,1
990,31,1,1
137,46,1,0
879,62,0,0
533,57,0,1
7,81,1,0
443,51,0,1
513,51,1,0
67,13,1,1
609,85,0,0
866,71,1,0
190,61,1,0
653,80,0,1
345,79,1,0
613,88,0,1
298,91,0,0
704,21,1,1
264,66,0,0
990,57,0,0
377,49,1,0
576,46,1,0
87,13,1,1
46,95,1,0
115,43,0,0
955,24,1,1
174,56,1,1
605,2,1,0
38,28,0,1
401,28,0,1
935,23,1,0
605,9,1,1
943,91,0,1
621,87,0,1
315,84,0,1
355,78,1,1
961,65,1,0
62,15,1,1
563,79,1,0
314,57,0,1
762,93,0,1
823,95,1,0
402,21,0,0
72,34,0,1
213,13,0,0
489,7,0,1
137,23,1,1
469,97,1,1
380,20,1,0
384,26,0,1
76,5,0,1
328,30,1,1
11,44,0,1
727,15,0,0
59,99,0,1
260,5,1,1
143,8,1,1
765,65,1,0
559,68,1,1
949,68,0,1
935,63,0,0
66,28,1,1
332,12,0,1
128,15,0,0
125,73,1,1
52,66,0,0
747,28,0,0
817,50,0,0
986,48,0,1
483,57,1,1
413,66,0,0
335,73,0,1
146,38,1,1
192,73,1,0
997,50,0,1
977,61,0,0
770,19,1,0
626,56,0,1
197,32,1,1
847,92,1,1
901,43,0,1
437,27,1,0
942,36,0,0
227,37,0,0
878,30,1,1
6,59,0,0
708,1,0,0
263,21,1,0
141,83,0,0
238,67,0,0
509,82,0,1
37,79,0,0
874,17,0,1
111,79,0,1
742,27,1,0
607,29,1,0
508,25,1,0
460,88,0,0
996,78,0,1
696,15,1,0
475,75,0,1
844,6,1,0
195,60,0,0
123,84,1,1
863,89,1,1
960,68,1,0
428,68,0,0
224,87,0,0
435,60,0,0
76,4,1,1
266,92,0,0
507,96,1,1
498,95,1,0
651,31,1,0
412,47,0,0
876,50,1,1
924,97,0,1
398,39,0,1
188,69,0,1
374,44,1,0
226,33,1,0
571,24,0,0
117,66,1,0
457,44,1,0
143,24,0,1
384,24,0,0
399,7,0,0
551,54,1,0
772,60,1,0
754,79,0,0
157,78,1,0
289,86,1,1
451,15,0,1
605,32,0,1
379,85,1,0
296,100,1,0
33,65,0,0
823,17,0,0
357,60,0,1
138,30,1,0
99,25,0,1
436,16,0,0
318,22,1,0
106,94,0,0
718,74,1,0
659,8,1,1
311,30,1,0
110,14,1,0
868,18,0,0
840,18,1,1
304,67,0,1
70,73,0,0
194,19,0,1
660,68,1,1
730,93,0,1
468,43,1,1
693,47,1,1
829,90,1,0
432,43,0,1
885,32,1,0
684,97,0,0
566,37,1,0
165,92,1,0
874,85,1,0
316,72,1,1
906,65,0,1
473,90,1,1
639,72,1,0
934,76,1,1
289,47,0,0
649,18,0,0
174,60,0,1
312,67,1,0
404,39,1,1
182,22,1,0
687,61,1,0
498,62,1,0
599,95,1,1
60,100,1,1
886,6,1,0
739,6,1,1
137,92,0,1
404,74,1,1
821,58,1,0
777,73,1,0
272,39,0,0
272,9,0,1
783,4,1,0
508,10,0,1
301,96,0,0
100,98,1,1
982,13,0,1
613,100,0,0
621,92,0,1
183,27,1,1
723,86,1,1
443,46,0,1
258,98,1,1
737,74,1,0
297,45,1,1
630,25,1,1
250,93,0,1
193,91,0,0
44,97,1,1
259,17,1,0
980,20,1,1
270,79,0,1
669,83,1,1
566,75,0,0
494,62,1,1
39,81,1,0
5,76,1,1
914,18,0,0
668,89,0,0
68,96,1,1
527,10,1,0
987,73,0,0
487,46,1,0
323,3,1,0
555,76,0,1
664,76,0,0
511,36,1,0
645,79,0,1
338,20,1,0
289,96,0,1
537,97,1,1
562,31,0,0
509,74,0,0
804,2,1,0
253,49,0,1
675,69,1,0
297,27,1,0
573,67,1,0
127,42,1,1
28,51,0,0
471,21,1,0
452,12,0,0
29,54,0,1
209,50,0,0
552,9,0,0
715,67,1,0
38,38,1,0
658,60,0,0
830,7,1,1
790,89,0,0
216,86,0,0
676,41,1,1
631,25,1,1
543,44,0,0
938,4,1,0
789,7,0,0
43,53,0,0
926,88,1,0
107,12,1,1
217,39,1,1
330,66,1,0
659,83,0,0
723,79,1,0
707,93,0,0
832,67,0,1
538,9,1,1
974,10,0,1
353,7,0,1
590,12,0,1
838,19,1,0
820,39,1,1
456,5,1,1
612,87,1,0
521,62,0,0
532,77,1,0
784,90,1,1
674,3,0,0
69,72,0,1
159,97,1,1
987,9,0,1
82,70,1,1
163,34,0,1
144,50,0,0
246,53,0,0
875,11,0,1
51,30,0,1
596,100,0,1
876,81,0,0
125,33,1,1
891,87,0,1
921,76,1,0
939,44,0,0
484,95,0,0
808,5,1,1
298,2,1,0
685,19,0,1
794,100,0,1
76,59,0,1
510,60,0,1
507,10,1,0
319,64,1,0
241,39,1,0
276,44,1,1
371,87,0,1
123,39,0,0
899,13,1,1
164,55,1,0
836,85,0,0
317,65,1,0
191,1,1,0
942,15,0,1
665,33,0,0
736,82,0,1
747,28,0,0
916,54,1,1
668,21,0,0
178,62,1,1
200,84,0,1
766,79,1,0
484,35,0,1
323,79,0,0
574,6,1,1
582,33,1,0
765,3,1,1
738,9,0,1
306,96,0,1
165,76,1,0
521,40,0,0
720,28,0,1
580,70,1,0
30,49,0,0
288,78,0,1
784,93,1,1
182,24,1,1
321,15,0,0
211,13,0,0
995,98,1,1
481,1,1,0
805,54,0,0
37,14,1,0
255,7,0,1
151,86,1,1
53,43,1,0
344,76,1,0
33,52,0,1
975,13,1,0
615,25,1,0
82,16,1,0
327,15,1,0
893,14,1,1
430,40,1,0
290,93,1,0
304,82,1,0
419,11,1,0
9,74,0,0
57,4,0,1
569,43,0,0
660,56,1,1
408,92,0,1
945,55,0,0
553,33,0,1
981,33,0,0
169,46,1,1
798,57,0,1
599,37,0,0
394,65,1,1
188,97,0,0
836,58,1,1
49,51,1,0
8,73,0,0
482,47,1,0
419,62,0,0
49,5,1,0
836,27,0,1
597,44,1,0
519,7,0,0
914,95,1,1
926,15,0,0
314,76,0,1
791,4,1,0
404,64,0,0
969,13,0,1
805,89,0,1
364,64,1,0
809,35,0,1
94,29,0,0
761,33,0,0
721,82,1,1
207,74,0,0
390,19,0,0
789,62,1,0
897,11,0,0
574,18,1,1
867,6,0,1
299,55,1,0
665,44,0,0
808,24,1,1
121,56,1,1
822,85,0,1
687,66,1,0
814,27,0,0
162,1,0,0
521,42,1,1
197,36,1,1
364,30,0,1
239,31,0,0
630,8,0,0
426,9,1,1
631,27,1,1
231,40,0,0
279,78,1,0
426,71,1,1
11,28,0,1
875,20,0,1
868,94,0,1
659,83,0,0
163,84,1,0
673,36,0,0
766,23,1,0
946,80,1,1
224,33,0,0
699,79,1,1
826,34,0,0
483,65,1,1
896,77,0,1
233,26,0,1
592,96,0,0
339,57,1,1
526,16,0,1
795,87,1,1
800,68,1,1
619,48,0,0
553,87,0,0
398,53,1,1
256,10,1,1
491,77,1,1
422,50,0,0
651,13,1,1
329,33,0,1
510,58,1,1
636,57,1,0
333,4,0,1
73,8,1,1
412,69,0,1
632,3,0,1
893,50,0,0
519,11,1,0
698,73,0,0
747,29,1,0
783,3,0,1
880,38,1,0
834,33,1,1
560,28,0,0
603,90,1,0
279,46,1,1
355,96,1,0
377,57,0,1
96,72,0,1
812,45,0,0
490,88,0,0
600,22,0,1
613,38,1,1
721,71,1,1
647,21,0,1
956,3,0,0
485,27,1,1
516,47,0,0
920,22,1,0
117,93,0,1
378,34,0,0
614,81,0,1
212,67,1,1
374,97,0,0
196,96,0,0
47,8,0,0
353,62,1,1
259,79,0,1
254,87,0,0
122,91,1,1
259,51,1,0
4,99,1,1
388,57,1,0
152,73,0,1
298,35,1,0
707,81,0,0
478,15,1,1
830,81,1,1
961,82,0,0
152,1,0,1
227,10,0,1
894,5,1,1
148,26,0,1
468,84,1,1
211,61,0,1
618,73,1,0
423,49,0,1
823,54,0,1
308,67,0,0
500,92,1,0
781,79,0,1
491,66,1,0
185,77,0,1
682,2,1,1
469,19,1,0
185,93,0,1
4,72,1,0
561,84,1,0
970,54,1,1
370,98,1,1
813,27,0,0
381,51,1,1
994,58,1,1
241,7,1,0
938,29,0,1
971,13,0,1
714,21,1,0
32,92,1,0
468,77,1,0
990,24,1,0
586,15,1,1
784,31,1,1
103,86,0,1
943,25,0,0
775,48,0,0
743,45,1,1
626,67,1,0
133,63,1,0
864,7,0,1
645,25,1,1
637,69,1,0
343,38,1,0
375,32,1,0
27,100,0,1
578,31,1,0
814,26,1,0
387,22,0,0
636,54,0,0
915,74,0,0
444,76,1,1
22,67,1,1
447,57,0,0
559,69,0,0
412,32,0,0
456,30,0,0
945,35,1,1
71,29,0,0
315,62,0,1
241,82,0,0
705,36,1,1
891,87,1,0
74,56,1,0
986,42,1,0
75,31,0,1
716,67,1,1
466,86,0,1
941,16,1,0
856,85,0,0
319,13,0,1
496,97,0,0
129,48,1,1
872,87,0,0
542,95,0,1
732,17,1,0
142,21,0,1
261,71,1,1
924,91,1,1
858,96,1,1
308,53,1,0
501,27,1,1
800,52,0,1
52,47,0,1
657,61,0,1
331,74,1,0
617,36,0,0
59,73,0,0
904,25,1,1
226,50,1,0
612,70,1,0
870,63,1,1
425,9,1,1
683,54,0,1
148,19,0,0
233,29,1,0
319,78,0,0
418,73,0,0
325,19,1,1
508,80,1,1
979,94,1,0
176,16,1,0
61,82,1,0
780,15,0,0
524,80,1,0
153,49,1,0
365,48,1,0
277,95,1,1
811,15,1,0
813,93,0,1
954,30,1,0
661,36,1,1
179,56,0,1
252,45,1,1
196,84,1,0
473,74,0,0
432,6,1,0
350,65,1,0
312,9,0,1
165,81,1,0
468,33,1,0
702,44,1,0
483,83,0,0
804,76,1,0
769,55,0,0
891,31,1,0
37,87,0,0
712,15,0,0
361,24,1,1
899,23,0,0
664,16,1,0
216,70,0,0
710,20,0,1
731,54,1,1
379,89,0,1
357,45,1,0
444,40,0,1
478,94,0,0
1,30,0,1
950,93,1,1
985,91,0,1
323,16,1,1
336,88,1,1
986,25,1,1
845,23,0,0
738,33,1,0
546,48,0,0
215,45,1,0
396,64,0,0
246,41,1,0
839,75,0,1
947,18,0,0
632,90,0,1
769,10,0,1
652,9,1,0
609,59,1,0
622,79,0,0
890,87,1,0
943,28,0,0
53,45,1,1
261,34,0,0
520,30,0,1
817,10,1,0
642,7,0,1
107,100,1,1
425,65,0,1
824,24,1,0
231,8,1,1
966,66,0,0
628,97,1,0
923,11,0,0
565,9,0,0
405,3,1,0
834,83,0,0
856,69,1,0
760,12,1,1
965,57,0,0
191,58,1,0
937,72,0,1
284,55,1,0
599,92,0,1
497,67,1,1
781,21,1,1
146,11,0,0
301,30,1,1
762,49,1,1
221,60,1,1
497,35,1,0
837,86,1,0
816,97,0,0
809,8,0,0
398,76,1,1
121,57,0,1
609,87,0,1
892,17,1,0
37,46,1,1
473,29,0,1
660,48,0,1
31,22,1,1
606,44,1,0
187,69,1,1
266,18,1,1
915,68,1,0
638,10,0,0
376,54,0,0
746,59,0,1
56,86,0,1
905,91,1,1
874,26,1,0
802,54,0,0
990,83,0,1
510,26,1,0
927,4,1,1
88,60,1,1
686,38,0,1
899,58,1,0
617,85,0,1
675,1,0,1
391,10,1,0
604,94,0,1
366,93,0,1
177,33,0,0
747,73,1,0
484,85,0,1
980,91,0,1
259,4,0,0
791,36,0,1
449,40,1,1
584,41,0,1
989,68,0,1
221,19,0,0
33,99,0,0
7,69,0,0
28,42,0,0
406,57,0,1
182,91,0,0
854,55,0,1
856,85,1,0
596,26,1,0
489,45,0,1
828,15,1,1
929,86,1,0
976,41,1,1
574,11,0,1
418,19,0,0
25,94,1,1
914,2,0,0
797,38,1,0
984,32,0,0
571,69,1,1
152,66,0,1
128,91,0,0
152,95,1,0
514,86,1,0
224,63,1,1
501,23,1,0
685,54,0,0
917,94,1,1
143,60,1,0
709,52,0,0
449,19,1,0
782,63,1,0
945,21,0,1
439,94,1,1
68,60,0,1
453,2,1,1
305,95,1,0
446,17,0,1
951,48,0,0
731,44,0,1
844,43,0,1
429,97,1,1
163,69,1,1
194,15,1,0
884,6,1,1
747,30,0,0
754,2,1,0
230,97,0,0
4,88,1,1
682,31,0,1
718,15,1,0
3,23,0,1
277,16,1,1
511,89,0,0
889,88,1,1
988,50,1,1
658,46,0,1
942,25,0,1
959,56,1,0
587,2,0,1
954,87,0,0
468,75,0,0
186,93,0,0
88,53,0,1
800,66,0,1
14,75,1,0
380,3,0,0
477,89,1,0
888,18,0,1
763,11,1,1
216,18,1,0
310,71,1,1
540,96,0,0
985,46,0,0
764,21,1,1
104,44,1,1
111,11,1,1
916,91,0,0
810,50,1,0
261,53,1,0
893,85,0,0
137,68,1,0
519,45,0,0
799,55,1,1
105,67,1,0
568,45,1,0
396,52,0,0
373,29,0,1
905,17,0,0
13,100,1,1
727,33,1,0
639,94,1,0
277,88,0,1
73,42,0,1
755,63,0,1
476,47,0,1
601,21,1,1
78,32,1,1
923,50,1,1
151,41,1,1
975,90,1,1
568,47,1,1
88,55,1,0
108,75,1,0
150,46,0,1
896,52,1,1
561,43,1,1
952,100,1,1
654,53,1,1
563,5,0,0
211,61,0,0
452,85,0,0
610,23,1,1
30,57,0,1
609,49,0,1
451,16,1,1
26,59,0,1
234,64,1,1
578,2,0,0
123,17,0,1
220,58,0,1
875,38,0,1
959,57,1,1
722,13,1,0
663,89,1,0
780,3,0,1
387,14,0,0
498,41,1,0
710,81,1,1
377,1,1,1
47,49,0,0
707,47,1,0
594,87,1,0
182,36,1,0
62,48,1,0
568,85,0,1
978,16,1,0
175,93,0,0
495,84,1,0
127,93,0,0
898,100,0,0
466,78,0,0
789,8,0,1
386,10,1,0
989,80,0,1
86,69,0,1
692,61,1,1
271,9,1,0
540,25,1,0
882,94,0,0
768,73,1,1
711,37,1,0
544,13,1,0
283,51,1,1
582,28,1,0
285,30,1,1
347,61,1,1
906,37,0,1
598,90,0,0
159,12,1,1
945,90,1,1
49,41,0,0
599,20,1,1
319,28,1,1
235,57,1,0
58,56,0,1
615,3,0,1
100,50,1,0
807,94,1,1
863,16,0,0
700,6,1,0
205,16,1,0
839,20,0,0
244,16,1,0
311,32,0,0
771,49,0,1
836,16,1,1
474,54,0,1
985,29,1,1
98,57,0,1
735,55,1,0
235,25,1,1
663,2,1,0
65,41,1,0
318,24,0,1
275,23,1,0
128,93,1,0
687,72,0,0
130,88,1,1
146,77,0,1
860,9,0,1
522,81,0,1
181,16,1,1
411,86,1,0
557,60,0,0
51,3,1,1
863,99,0,0
572,42,1,1
765,45,0,1
73,76,1,0
827,53,0,1
806,60,1,0
766,51,1,1
511,17,1,0
996,86,0,0
377,23,0,1
32,47,1,0
832,40,1,1
322,45,1,1
650,23,1,1
693,32,0,0
58,65,0,0
740,94,1,1
608,17,1,0
653,19,1,1
24,72,0,1
637,87,1,1
428,60,0,0
156,17,1,1
810,3,1,1
203,25,1,1
881,98,1,1
786,68,0,1
122,91,1,0
854,64,0,0
617,75,0,1
974,90,1,1
736,65,0,0
182,29,0,0
512,85,1,1
34,17,0,0
814,20,1,0
552,94,0,0
432,80,1,1
191,31,1,1
826,87,1,0
355,85,0,1
418,11,0,0
344,72,0,1
678,67,1,1
77,14,1,0
553,85,0,1
897,94,1,0
691,5,1,0
185,55,1,1
131,28,1,1
184,99,1,0
570,81,1,0
753,74,0,1
661,53,0,0
611,9,0,1
854,36,1,1
828,25,0,1
733,11,0,0
263,89,0,1
953,66,1,1
245,97,0,1
547,31,1,0
878,59,0,1
273,92,1,1
48,59,0,1
51,100,0,0
750,6,1,0
619,64,0,0
962,87,0,0
905,45,1,0
202,22,0,1
321,88,0,0
796,43,1,1
197,80,1,0
863,92,1,1
24,100,1,0
646,20,0,1
531,9,1,1
809,73,0,1
883,23,1,0
889,41,1,1
830,75,1,1
941,65,1,0
473,99,1,1
64,72,1,0
159,67,0,0
569,59,1,1
586,37,0,1
370,12,0,1
549,17,0,0
531,22,1,0
500,53,1,1
305,51,0,0
779,69,1,1
827,65,0,0
179,92,0,1
192,25,1,1
395,13,0,0
852,35,1,1
823,47,1,0
758,65,0,1
24,19,0,1
161,53,1,1
766,49,1,0
88,17,0,0
980,33,1,0
447,5,0,0
458,85,1,1
148,7,1,1
52,39,1,0
292,99,0,1
964,28,1,0
130,48,0,0
163,8,1,1
309,16,0,0
660,27,0,1
550,12,0,0
681,59,0,0
642,83,1,1
125,96,1,0
341,65,1,1
97,81,1,1
99,5,0,1
612,50,0,0
662,4,0,0
411,51,0,1
666,26,1,0
386,13,1,0
454,17,1,0
801,85,1,1
390,39,1,0
15,42,0,1
276,84,1,1
138,58,1,1
524,52,0,0
841,33,0,0
163,70,1,1
104,4,0,1
465,35,1,0
694,12,1,0
640,92,0,0
49,11,1,0
330,47,1,0
800,33,1,1
657,45,0,0
616,50,1,1
968,12,1,1
569,44,0,0
889,78,0,1
32,31,1,0
805,11,1,1
733,60,0,1
484,27,0,0
928,98,0,1
482,18,1,1
612,55,0,0
579,36,1,0
916,42,1,0
641,72,1,0
832,80,0,1
537,24,1,1
928,51,0,1
535,52,0,0
836,81,1,1
765,26,1,1
555,71,0,1
98,76,0,0
493,16,1,0
145,65,0,0
7,59,1,1
981,66,0,1
574,38,1,0
501,50,0,1
915,44,1,1
649,38,1,1
33,58,1,0
718,76,0,0
79,43,0,1
176,54,0,0
289,55,0,0
393,55,0,0
462,2,0,0
766,96,1,0
372,85,1,0
309,26,1,0
657,52,1,1
277,95,1,0
338,21,1,0
499,19,0,1
871,36,1,1
266,87,0,1
931,80,0,1
605,93,1,1
186,73,0,1
86,24,0,1
332,51,1,0
975,80,0,0
941,31,1,0
809,85,1,1
639,96,1,0
237,3,1,1
572,82,0,0
288,61,1,0
357,38,0,0
222,91,1,1
252,62,0,0
137,83,1,1
874,4,0,0
590,59,0,1
307,26,1,0
584,75,1,0
709,11,1,1
632,88,1,1
638,61,0,1
835,27,0,0
289,15,1,1
371,65,1,0
569,26,0,1
263,4,1,1
400,81,1,1
689,96,0,0
956,77,0,1
559,31,0,0
943,78,1,0
540,93,0,0
367,50,0,0
475,76,0,1
360,69,0,1
478,80,1,1
262,11,0,1
245,16,0,1
1,29,1,0
663,56,0,1
178,42,1,0
716,16,0,0
232,79,1,1
581,15,1,0
936,45,1,1
844,26,0,0
333,56,1,0
766,21,0,0
874,47,0,1
483,93,0,1
557,81,0,1
62,67,1,0
868,68,0,1
173,90,0,0
252,21,0,1
440,4,0,0
61,38,1,1
118,45,0,0
929,1,1,1
657,54,0,0
865,28,1,1
865,14,0,0
340,1,1,1
800,18,0,1
510,72,0,0
770,24,0,1
911,78,1,1
653,38,1,0
403,7,1,0
337,52,0,1
961,60,1,1
665,64,1,0
969,30,1,1
748,44,0,0
916,94,1,0
71,98,0,0
858,31,0,0
272,45,0,1
730,40,0,1
652,50,1,1
51,9,0,0
816,27,0,0
118,35,0,1
964,99,0,1
518,23,0,0
946,45,0,0
428,65,0,0
774,84,0,1
323,94,1,1
559,35,0,0
175,17,0,0
415,90,0,1
576,19,1,0
944,99,1,0
436,79,0,1
473,68,1,1
946,11,0,0
139,65,1,1
921,54,0,0
595,64,1,1
47,9,0,0
419,54,0,0
282,33,1,1
302,98,1,0
477,35,0,1
291,59,1,1
276,62,0,0
903,80,0,0
663,32,0,0
307,3,1,0
775,9,1,1
624,2,0,1
971,41,1,1
516,95,1,1
44,63,1,0
934,87,0,1
125,12,1,1
391,19,1,1
770,88,1,0
721,48,0,0
956,65,1,0
932,96,0,0
789,6,1,1
729,28,1,0
446,78,1,1
391,18,0,0
837,44,1,0
288,20,0,0
626,99,0,1
200,37,1,1
800,48,0,0
530,55,1,1
948,23,1,1
601,31,0,1
523,87,0,1
289,48,0,1
306,20,1,0
971,79,1,0
918,74,1,0
870,80,1,0
897,59,0,0
424,93,1,1
791,7,1,0
147,4,1,0
808,31,0,1
665,26,1,1
319,86,0,0
365,4,0,1
115,79,0,1
996,76,0,1
250,63,0,1
268,73,1,1
436,2,0,0
144,94,0,1
422,79,0,1
757,91,1,1
388,34,1,1
143,5,1,1
306,74,0,1
226,91,1,0
723,23,1,0
912,94,0,1
521,82,0,0
149,47,1,0
446,57,0,0
243,56,1,1
518,19,0,0
808,74,1,1
150,31,1,1
632,67,1,1
626,81,1,0
927,75,0,1
477,63,0,1
130,95,0,0
774,6,0,1
436,28,0,0
115,35,1,1
504,71,0,1
366,19,1,0
973,95,1,1
107,4,0,0
649,10,0,1
936,77,0,1
89,14,1,0
988,90,0,1
547,91,0,0
7,1,1,0
433,80,0,1
245,34,0,1
790,18,1,1
789,79,1,0
95,90,1,0
259,83,1,0
817,92,0,1
214,28,0,1
191,27,1,0
916,20,0,0
646,89,1,0
811,52,0,1
859,16,1,1
873,37,1,1
99,20,1,1
963,73,1,1
194,69,1,1
753,14,1,1
271,92,1,0
75,5,1,0
864,40,1,1
686,44,0,0
140,10,1,0
837,71,1,1
957,42,1,1
67,13,1,0
176,54,0,1
58,89,1,1
170,13,1,1
992,27,1,0
775,2,0,1
401,86,1,1
678,33,1,1
251,76,0,0
108,58,1,0
364,7,0,1
426,72,1,1
132,30,0,0
647,51,1,0
478,19,0,0
63,5,1,0
929,33,0,1
18,43,0,1
520,96,1,1
688,50,0,0
418,35,1,1
387,10,1,0
838,91,0,0
436,24,1,1
181,28,0,0
576,10,0,1
256,3,1,1
182,71,0,0
445,93,1,1
683,27,0,0
112,75,0,0
936,52,1,1
416,50,1,1
458,66,0,0
171,24,1,1
541,77,1,0
522,2,0,1
567,23,1,1
891,9,1,0
37,67,0,0
822,20,0,1
222,46,0,0
733,7,1,0
976,10,1,1
479,15,0,1
563,12,0,1
895,32,0,1
27,96,1,1
661,96,0,0
177,5,1,1
298,69,1,1
64,92,0,1
321,81,1,1
735,99,1,0
594,42,0,0
350,58,1,0
574,86,0,0
961,83,1,0
81,36,0,1
555,44,1,0
740,95,1,1
345,41,0,0
136,74,0,0
191,16,0,1
426,4,0,0
933,1,1,1
779,54,1,0
378,92,1,1
776,30,1,1
733,1,0,0
359,84,0,0
374,64,1,0
732,96,1,1
120,86,1,0
767,37,0,0
438,95,1,0
796,95,0,0
798,12,1,1
402,46,1,1
641,89,1,1
563,87,1,1
431,82,1,0
264,34,0,0
411,58,1,1
737,37,1,0
466,47,0,1
765,9,0,0
13,68,1,0
463,46,1,1
466,67,1,1
956,13,0,0
688,6,0,0
193,30,1,0
447,45,1,1
611,19,1,1
433,91,0,1
961,90,1,0
379,66,1,0
202,21,0,1
957,99,0,0
456,46,1,0
165,78,0,0
763,42,0,1
344,94,0,1
181,52,0,1
411,54,0,1
881,4,0,1
317,69,1,1
168,53,1,0
915,25,1,1
414,76,1,1
724,37,0,0
121,92,0,0
708,11,0,0
599,61,1,1
420,31,0,1
197,74,0,1
693,31,1,0
894,94,0,1
348,39,0,1
560,5,1,1
422,41,0,0
858,33,1,1
789,59,0,0
408,12,1,1
176,18,0,1
852,71,1,0
476,7,0,1
105,70,0,0
145,67,1,0
112,19,1,1
518,36,1,1
726,32,1,1
535,68,1,0
190,98,1,1
808,15,0,0
209,22,1,0
996,39,0,0
367,42,0,0
423,17,1,1
123,11,0,0
208,3,0,1
488,93,1,1
970,72,0,1
405,52,1,0
595,13,0,0
239,98,1,0
33,93,0,1
265,79,0,1
226,11,1,0
240,33,0,0
452,11,0,0
186,96,1,1
734,44,0,1
704,32,1,1
198,92,1,1
484,96,1,1
246,51,0,1
625,58,0,0
466,91,1,0
17,55,0,1
338,6,0,1
955,32,1,0
392,98,0,0
431,3,0,1
236,7,0,0
683,27,1,1
304,6,1,0
294,46,1,1
105,2,0,1
658,85,0,1
366,74,0,0
60,66,1,1
33,69,1,1
381,22,0,0
766,37,0,0
343,15,1,0
626,18,1,0
897,16,0,1
150,83,1,1
566,37,1,1
544,73,0,0
497,20,0,0
39,90,1,0
63,24,0,1
128,42,0,1
874,35,1,1
64,57,0,0
744,93,0,1
383,45,0,0
588,14,1,1
123,93,1,0
680,98,1,0
948,74,0,1
927,36,0,0
212,91,1,0
932,11,1,1
375,86,1,0
948,16,1,1
490,24,0,1
889,70,0,0
113,10,0,1
111,47,0,1
940,98,1,1
46,33,0,0
269,49,1,0
166,25,0,1
684,96,1,1
532,11,0,0
145,64,1,0
181,41,0,0
797,65,0,0
50,13,0,1
579,65,1,1
326,99,0,1
175,64,1,1
731,69,0,1
600,32,0,1
78,7,0,1
853,62,1,1
647,69,0,1
733,92,0,0
79,83,0,0
456,22,0,1
786,63,1,1
752,4,1,0
932,80,0,1
36,31,0,0
133,18,0,0
885,16,0,1
488,88,0,0
118,72,0,1
533,1,1,0
39,53,1,1
549,87,1,1
296,37,1,1
586,4,0,0
608,16,1,1
338,46,0,0
533,6,0,0
311,28,1,0
231,65,0,0
21,35,1,0
503,27,0,1
375,70,1,0
855,53,0,0
90,8,1,0
567,11,1,0
607,47,1,1
767,15,0,0
648,31,0,1
970,39,1,0
823,66,1,1
10,83,0,0
70,25,1,0
390,79,0,0
664,49,0,1
817,30,0,1
270,100,1,1
36,48,1,1
53,19,1,1
681,69,1,0
146,54,1,1
250,50,0,0
353,64,1,1
487,68,0,0
792,43,1,0
92,6,0,0
402,26,0,1
120,13,0,0
660,33,0,1
100,84,1,1
741,30,0,1
476,95,0,1
351,2,1,1
28,71,1,1
934,24,0,0
469,44,0,0
549,7,1,1
24,40,0,0
669,2,1,1
885,57,1,1
655,40,1,0
113,54,1,1
286,69,1,1
449,53,1,1
919,50,0,1
874,7,1,0
177,42,0,1
519,86,0,0
585,66,1,0
66,18,0,1
152,71,0,0
358,82,1,0
898,20,0,0
180,87,1,0
145,38,0,0
754,85,1,1
545,59,1,0
779,12,0,0
987,52,0,0
70,82,1,0
951,2,1,1
10,42,0,1
47,15,1,1
129,99,0,1
759,28,0,1
900,86,0,1
839,5,1,1
537,78,0,1
101,97,0,1
919,37,0,1
434,100,0,0
396,97,0,1
633,32,0,0
789,99,0,1
792,51,0,1
601,52,1,0
733,18,1,1
845,57,0,0
307,10,0,0
762,61,1,1
123,57,0,0
999,2,1,1
819,33,1,0
186,65,0,1
953,47,0,0
835,86,1,1
683,28,0,0
591,6,1,0
974,81,0,0
35,29,1,1
219,11,1,1
9,13,0,1
823,65,1,1
525,43,0,0
810,66,1,0
717,53,0,1
517,79,0,1
897,27,1,1
618,85,0,0
300,59,0,0
850,32,0,1
374,94,1,1
125,97,1,0
436,82,0,0
22,92,1,1
783,86,1,0
948,89,1,1
877,84,1,1
911,99,0,0
290,31,0,0
403,96,1,1
275,81,0,1
272,51,1,0
716,95,1,0
528,99,1,0
397,84,0,0
816,11,0,1
923,2,0,0
322,19,0,1
346,27,0,1
465,56,1,0
93,94,1,1
211,50,1,1
282,36,1,0
43,61,1,0
168,72,1,0
552,1,0,1
578,19,1,1
119,8,0,0
655,80,0,0
783,50,1,0
839,62,0,1
685,91,1,0
96,26,0,1
611,67,0,0
670,15,1,1
876,55,1,1
635,77,0,1
923,13,0,0
230,30,1,0
164,65,1,0
719,67,1,1
94,87,0,1
501,13,0,0
773,57,1,1
46,42,1,1
264,94,0,1
283,38,0,0
468,15,1,0
981,18,1,1
401,68,1,0
689,29,1,0
250,41,0,0
96,94,0,0
188,83,1,0
571,1,1,1
908,50,0,1
888,52,0,1
27,67,1,0
53,46,0,1
777,43,1,1
284,3,0,0
353,66,1,0
581,99,0,1
163,11,1,0
465,50,0,0
188,79,1,0
296,84,1,1
524,54,0,0
7,90,0,1
72,61,1,1
724,71,1,1
302,61,0,1
740,86,0,1
853,4,0,0
19,19,0,0
105,68,0,1
347,33,0,1
140,13,1,0
257,2,1,1
153,63,0,0
552,44,1,0
230,22,0,0
1,31,0,0
943,100,1,1
101,76,1,0
437,23,1,0
280,72,1,0
809,71,1,1
919,92,0,0
359,76,0,0
349,1,0,1
907,7,0,1
195,20,0,1
885,33,1,1
876,75,1,1
663,27,0,1
594,63,0,1
556,36,1,0
535,82,0,0
710,21,0,1
311,32,0,1
642,76,1,0
2,67,0,1
316,73,1,1
831,63,1,1
951,98,1,1
434,96,0,1
973,76,0,0
826,12,0,0
503,74,1,0
594,17,1,1
871,89,0,1
861,28,0,0
444,33,0,1
882,32,0,0
708,66,0,1
816,94,0,1
455,72,0,0
712,77,0,1
515,69,0,1
167,48,1,1
665,20,0,1
270,76,1,1
245,84,0,1
130,82,0,0
619,64,0,0
549,51,0,0
681,86,1,0
312,21,0,0
110,33,0,0
769,84,1,0
282,7,0,1
921,76,1,0
25,34,0,1
694,57,1,0
825,73,1,0
691,26,0,1
125,73,1,1
260,31,1,1
204,81,0,0
728,44,0,0
336,42,1,1
595,95,0,1
722,91,1,0
253,1,1,1
931,68,0,1
437,13,0,0
645,84,1,1
172,67,0,0
72,82,1,0
918,28,1,0
448,10,1,1
661,41,1,0
792,53,0,1
377,11,1,1
280,47,0,1
796,56,1,0
420,78,1,0
649,8,1,1
759,32,0,1
778,53,1,1
504,8,1,1
543,54,1,1
360,44,1,1
782,75,1,0
790,57,1,1
495,72,0,1
837,9,0,0
330,17,1,1
213,95,1,1
264,12,1,1
734,64,1,0
737,55,0,1
314,51,1,1
558,96,1,1
618,36,0,0
488,74,1,1
951,40,0,0
591,23,1,0
797,42,0,0
244,79,0,0
53,98,0,1
804,81,1,1
852,76,0,0
201,61,1,0
136,96,1,0
78,69,0,1
108,11,0,0
375,93,1,1
638,2,1,1
936,7,0,0
133,61,1,1
194,46,1,0
285,75,0,0
762,13,1,0
632,23,0,0
181,68,1,0
386,39,0,1
761,57,0,0
568,60,1,0
441,79,1,0
618,38,1,0
587,49,1,0
495,33,0,1
184,20,0,1
448,94,0,0
875,40,1,1
970,48,1,0
486,85,1,0
447,38,1,0
131,4,0,0
795,93,1,1
801,29,1,1
232,49,0,1
165,3,0,1
804,69,1,1
485,73,1,1
369,89,0,1
860,87,1,0
289,97,1,0
789,16,1,1
514,7,0,1
284,5,1,1
339,15,1,1
427,16,1,0
18,28,1,0
731,76,1,1
741,10,0,1
804,48,0,1
833,77,0,1
38,25,1,1
390,17,1,0
8,93,1,1
471,38,1,0
535,51,1,1
209,83,0,1
228,91,1,0
616,80,0,1
895,80,0,1
633,96,0,0
973,70,0,0
579,30,1,0
563,99,1,1
711,85,1,0
557,27,0,1
421,90,0,1
618,95,0,0
73,29,0,1
520,18,1,1
751,31,0,0
207,23,1,0
753,12,1,1
262,72,0,1
313,43,0,0
862,17,1,0
830,99,0,0
412,31,1,1
376,48,1,0
773,96,0,0
118,21,0,0
334,1,1,1
185,58,0,1
674,11,1,1
176,97,1,1
442,38,1,1
202,2,1,1
916,84,1,1
208,27,1,0
797,91,1,0
796,37,0,1
717,4,0,0
351,74,1,1
905,17,1,0
838,77,1,0
685,94,0,1
615,3,1,1
174,70,1,0
146,50,1,0
764,48,1,0
947,89,1,1
620,57,0,0
846,6,0,1
440,61,1,1
456,61,1,0
409,57,1,0
449,27,1,1
954,97,0,0
20,20,0,1
800,66,1,1
664,49,1,0
571,85,1,0
730,16,1,0
197,77,0,1
802,83,0,0
571,65,0,0
649,60,1,0
312,94,1,0
423,100,0,0
874,17,0,0
345,17,0,0
229,48,0,1
331,49,1,0
310,27,0,1
328,22,0,0
242,31,1,0
634,14,1,0
255,24,0,0
27,44,1,0
735,31,1,0
752,15,1,0
786,3,1,0
488,71,0,1
222,29,1,1
961,95,1,0
646,72,0,1
992,50,1,1
762,34,0,1
762,18,1,0
856,50,1,0
988,30,0,1
475,90,0,1
769,100,0,1
478,54,0,0
77,97,1,0
930,45,0,1
179,76,0,0
284,95,0,1
231,82,1,0
513,56,1,0
723,85,1,0
837,24,0,1
499,18,1,1
230,23,1,0
219,9,1,1
711,24,1,1
299,29,1,0
215,95,0,0
198,99,1,0
337,73,1,1
981,49,0,0
627,69,0,0
920,34,0,0
630,5,1,0
223,77,1,1
922,53,1,0
831,93,0,1
977,33,0,1
743,62,0,1
866,51,1,1
537,25,1,1
191,47,0,1
611,84,0,1
42,36,0,0
659,16,1,0
452,5,1,1
263,82,0,1
632,45,0,0
950,33,0,1
560,16,0,0
1000,44,1,1
766,2,0,0
42,81,0,0
629,53,0,1
631,19,0,1
835,100,1,0
124,72,0,0
670,88,0,0
547,76,1,0
18,98,0,1
38,31,0,1
899,89,1,0
446,29,0,0
862,42,1,0
754,3,1,0
421,9,0,1
629,50,0,1
761,11,1,0
340,10,1,0
480,29,0,0
241,28,1,1
761,93,0,0
337,69,1,1
959,33,0,0
875,75,1,0
648,11,0,1
243,65,1,0
395,76,0,0
157,91,1,1
183,2,1,0
860,19,0,1
179,42,1,1
863,45,1,0
974,67,0,0
840,69,0,1
694,55,0,1
528,16,1,1
592,46,0,0
807,63,1,1
866,70,0,1
105,36,0,1
748,9,0,0
751,100,1,0
310,74,1,1
378,73,1,0
813,87,0,0
519,55,0,1
604,5,1,0
885,6,1,1
581,80,0,0
176,81,0,0
844,93,1,0
128,70,0,1
292,62,1,1
145,29,1,0
358,72,1,0
815,79,1,1
162,25,0,0
273,67,0,1
195,84,0,0
56,4,1,0
789,89,1,1
151,50,1,1
423,56,0,0
183,46,1,0
325,99,1,1
276,35,0,0
65,79,0,1
239,67,1,1
103,31,1,0
583,86,1,0
77,34,1,0
10,17,1,0
716,45,1,0
396,90,1,1
356,60,1,0
477,94,0,1
893,29,0,0
923,87,1,0
768,71,1,1
660,50,1,0
644,66,1,0
278,85,0,0
133,91,1,0
490,94,1,0
604,54,1,0
135,8,1,0
13,56,0,0
898,50,1,0
859,79,0,0
412,30,0,0
145,88,1,1
416,99,0,0
972,92,1,1
320,80,1,0
172,84,0,0
655,12,1,0
360,73,0,1
812,93,0,0
766,35,1,1
545,96,0,1
640,73,1,0
753,16,0,1
733,1,0,0
186,23,1,0
257,48,1,1
625,10,1,1
924,13,1,0
652,68,1,0
71,80,0,1
976,53,0,0
35,60,0,0
515,14,0,0
555,81,1,0
22,9,0,0
560,5,0,0
407,97,0,1
776,21,0,1
115,40,1,0
265,34,1,1
892,7,1,1
44,55,1,0
572,98,0,1
551,97,0,1
770,96,1,1
404,65,1,1
341,75,1,0
812,38,1,0
687,6,0,0
604,90,0,1
425,49,0,0
711,60,0,0
935,11,0,0
60,66,0,1
337,60,1,0
536,2,0,0
542,22,1,0
75,32,0,1
917,35,1,1
675,64,1,1
89,96,1,0
81,41,1,0
127,63,1,1
986,85,1,0
201,61,1,0
852,87,1,0
517,13,0,0
11,31,0,0
730,25,1,1
623,58,0,1
559,65,1,1
931,95,1,1
325,97,1,0
814,46,1,1
754,88,1,1
332,38,0,1
778,33,1,0
109,5,1,0
731,77,0,1
457,67,1,0
194,96,0,0
214,38,1,0
475,69,1,0
356,19,0,0
425,62,0,0
207,79,0,0
271,75,0,1
722,91,0,1
665,73,0,1
687,99,1,0
329,48,0,0
42,8,0,0
121,21,1,0
546,75,1,1
887,40,0,0
928,60,1,1
710,79,0,0
382,36,0,0
453,91,1,0
108,73,1,1
686,93,1,1
937,66,0,0
452,4,0,1
42,49,0,0
692,58,1,0
9,20,1,1
942,14,0,0
615,10,1,1
119,43,1,1
828,57,0,1
778,50,0,1
428,64,0,0
132,95,1,1
415,91,1,1
872,83,1,0
615,10,0,0
517,75,1,0
874,32,1,0
914,42,0,1
860,84,0,0
534,31,0,1
948,27,0,0
923,1,1,1
768,91,1,1
358,89,0,1
827,14,0,1
608,51,1,1
229,82,1,0
772,29,1,1
16,10,1,1
982,43,1,1
603,51,0,0
478,82,1,0
598,21,0,1
788,41,0,1
248,75,0,0
273,12,1,0
15,39,0,1
975,18,0,1
656,67,1,0
776,23,0,1
678,95,0,1
655,11,0,1
54,90,0,1
502,55,0,1
711,73,0,1
736,85,0,0
316,87,1,1
199,72,0,0
396,53,1,1
470,25,0,1
513,92,1,0
369,74,0,0
933,19,0,1
661,11,1,1
119,73,1,1
653,93,1,1
772,19,1,1
432,5,1,1
936,69,0,1
752,84,1,0
802,57,0,1
138,11,0,0
470,13,1,1
980,27,1,1
982,38,1,1
42,55,1,0
326,91,1,1
150,49,0,0
442,75,0,0
192,18,1,1
46,3,1,0
780,87,0,1
486,22,1,1
855,34,1,1
444,24,0,0
967,100,1,0
433,64,0,1
831,87,0,1
129,89,0,0
498,25,1,1
710,21,0,0
675,23,0,0
987,44,1,0
607,78,1,0
782,59,0,1
571,67,0,0
371,23,1,0
858,96,1,1
390,29,0,0
275,94,1,1
448,57,0,1
420,93,1,0
463,61,0,1
839,99,1,1
178,26,1,0
946,22,0,0
885,11,0,1
524,63,1,1
557,14,1,1
192,17,0,0
753,13,0,0
386,71,1,1
998,21,0,1
12,34,0,0
701,47,1,0
137,31,1,1
573,22,0,0
719,47,1,0
427,18,0,1
753,34,1,0
65,91,1,1
650,48,0,0
314,30,1,0
587,74,0,0
972,39,1,0
940,95,0,1
29,17,0,0
713,39,0,0
303,47,1,1
828,68,0,1
460,31,1,1
263,32,0,0
15,23,1,1
468,12,0,1
680,38,1,0
548,73,1,0
879,28,0,0
326,44,1,1
504,66,1,1
45,27,0,1
666,55,0,1
943,92,0,1
694,28,1,1
291,17,0,1
212,45,1,1
574,43,0,1
378,19,1,0
2,60,0,0
434,37,0,0
609,66,1,1
433,61,1,1
500,9,0,0
682,68,1,1
274,54,0,1
693,17,0,1
461,46,0,1
763,27,0,0
437,4,0,0
62,84,1,1
956,42,1,0
573,92,1,1
572,57,1,1
715,70,1,0
422,9,1,1
443,25,1,1
548,30,1,1
864,94,1,0
748,17,1,1
312,78,1,0
244,95,1,1
441,82,0,0
140,94,0,1
922,87,1,0
103,91,0,1
6,66,0,1
631,56,1,0
464,79,0,1
662,75,1,0
145,72,0,1
535,17,0,1
269,30,0,0
874,58,1,0
320,71,1,0
702,11,1,1
129,80,1,1
229,31,0,0
921,93,1,1
446,72,1,1
937,22,1,0
107,96,0,0
712,96,0,0
694,14,1,0
498,49,1,1
990,91,1,1
880,23,1,0
783,41,0,1
483,9,1,0
599,93,1,0
970,33,1,1
349,3,1,0
405,96,0,1
645,70,1,0
878,76,1,0
320,27,1,0
736,15,1,1
126,84,1,0
73,68,0,1
845,52,0,0
499,64,1,1
431,25,0,0
330,9,0,0
172,36,1,1
935,92,0,1
887,11,0,0
243,71,1,1
425,50,0,0
464,29,1,1
286,45,0,1
732,55,1,0
917,96,0,0
89,2,1,1
163,44,0,1
128,80,0,1
547,7,1,0
297,19,0,0
670,66,1,0
866,5,0,0
908,35,0,1
761,35,1,0
924,32,1,1
410,79,0,1
159,7,0,1
37,85,1,1
240,38,1,0
134,95,0,0
665,14,0,0
11,27,0,0
298,74,1,1
983,14,1,1
866,55,0,0
785,64,1,1
703,13,1,0
551,98,1,1
169,1,0,0
970,13,1,0
419,93,0,0
883,9,1,0
441,10,1,1
222,57,0,1
721,8,1,0
574,60,0,1
697,33,0,1
900,41,0,1
529,96,1,0
227,1,1,0
790,43,0,1
651,81,1,1
386,73,0,1
213,50,0,0
959,100,0,1
200,68,0,1
898,35,0,1
474,39,1,1
578,72,0,0
874,80,0,1
526,16,1,1
203,54,0,1
810,11,1,0
298,84,1,0
832,84,1,0
972,21,0,0
316,67,0,0
312,79,1,1
120,33,1,0
528,59,1,1
866,65,0,0
818,95,0,0
893,4,1,1
378,44,0,1
898,73,1,1
673,52,1,0
351,3,1,1
197,11,0,1
746,2,0,1
40,12,1,0
497,96,0,1
873,41,1,0
249,98,0,0
664,31,0,0
126,34,1,0
894,32,0,0
332,14,1,1
824,62,1,1
4,31,0,1
498,20,1,0
373,25,1,1
927,56,1,1
11,9,1,1
967,24,0,1
611,54,0,0
985,95,1,1
822,47,0,1
54,60,0,1
6,46,1,0
726,2,1,0
703,84,1,1
21,95,1,0
188,28,0,1
925,7,1,1
74,50,1,1
441,73,0,1
999,17,0,0
25,68,0,0
806,4,1,0
85,37,0,1
279,70,0,0
323,19,0,1
196,45,0,1
999,82,1,0
877,3,1,1
91,50,0,1
121,75,0,1
710,53,0,0
793,76,0,1
771,22,0,1
326,2,0,1
812,32,0,0
549,40,0,0
72,5,0,0
968,4,0,1
7,2,0,1
861,6,1,1
917,26,0,0
190,5,1,1
709,86,1,0
541,17,0,1
393,25,0,0
511,43,1,0
775,86,0,1
820,1,1,1
879,14,1,1
242,41,1,1
382,59,1,0
824,88,0,0
264,83,0,0
969,24,0,1
615,42,1,0
985,14,1,1
618,37,1,1
359,21,1,0
836,27,1,1
852,40,1,1
379,7,1,0
50,13,1,1
524,4,1,0
614,39,1,0
389,60,0,0
174,70,1,0
682,94,0,0
536,26,0,1
681,79,1,0
181,73,0,0
23,48,0,0
49,97,1,0
766,95,0,1
630,83,0,0
231,58,1,1
925,3,1,1
95,35,0,0
95,32,0,0
312,8,1,0
229,69,1,0
629,33,1,0
656,98,1,0
4,3,1,1
599,63,1,1
881,81,0,1
819,80,1,1
737,48,1,0
818,49,0,1
974,95,1,1
216,71,0,0
686,63,0,0
323,2,1,1
148,66,0,1
533,12,0,1
243,85,0,0
413,10,1,1
241,84,0,0
305,86,1,1
100,18,0,1
837,49,0,1
272,8,1,0
292,13,1,0
691,11,0,0
581,48,1,1
463,70,0,1
372,45,1,1
320,28,0,0
992,100,1,0
562,18,1,1
909,72,0,0
227,16,0,0
603,2,1,0
56,50,1,1
606,17,0,0
84,18,0,1
877,39,1,1
994,80,0,1
110,7,0,1
95,84,1,1
176,98,0,1
229,87,0,1
329,57,1,0
543,65,1,0
446,75,0,1
65,91,0,1
688,79,1,1
884,60,0,1
749,92,0,0
543,33,1,1
42,20,0,0
601,48,1,0
602,67,1,0
210,43,1,1
362,30,1,1
780,18,1,1
485,39,0,1
284,30,1,0
456,64,1,0
382,70,1,1
762,81,1,1
997,82,1,1
533,68,0,0
209,48,0,1
601,8,1,0
45,86,1,1
322,63,1,1
124,23,0,0
462,68,0,1
11,33,0,1
826,15,0,0
763,71,0,1
487,32,1,1
12,89,0,0
372,54,1,0
949,83,1,0
910,68,0,0
471,10,1,0
197,69,0,1
909,93,1,0
643,59,0,0
504,28,1,1
479,62,0,0
329,10,1,0
33,15,1,1
90,27,0,1
269,45,1,0
737,69,1,0
668,65,0,0
280,72,1,0
946,69,1,1
19,1,1,1
147,75,0,0
875,36,1,1
900,20,0,1
959,42,1,1
108,34,0,0
989,65,1,1
936,73,1,0
223,63,0,0
431,83,1,1
683,43,0,1
288,28,1,0
480,43,1,1
415,54,1,0
31,29,0,0
156,5,0,0
943,19,0,1
530,32,0,1
44,48,1,1
301,44,0,0
786,71,0,0
462,72,1,0
112,6,1,0
353,85,0,1
972,28,0,0
91,3,0,1
151,48,1,0
81,13,0,0
589,83,0,1
316,6,0,0
403,68,1,1
61,44,1,0
981,68,0,0
481,98,0,1
88,94,1,0
709,68,1,0
762,49,1,1
563,20,1,0
623,11,1,0
981,4,0,0
582,71,0,1
904,21,1,0
398,84,1,1
223,13,1,1
797,11,1,1
78,55,0,1
227,98,0,0
781,63,1,0
779,38,1,0
58,63,1,0
426,80,0,1
906,72,1,1
745,71,1,1
502,35,1,1
96,13,1,1
441,4,1,0
974,1,0,1
897,80,1,1
477,95,0,0
438,8,1,0
770,29,0,1
365,80,1,0
818,92,1,0
176,32,0,0
567,43,1,1
207,41,1,0
458,85,0,1
773,10,1,1
498,35,1,1
716,40,1,0
549,82,0,0
471,44,1,1
258,48,1,0
469,32,1,0
673,64,1,1
235,87,1,0
89,4,1,0
305,44,0,0
206,47,1,1
898,79,0,1
596,57,0,0
242,36,0,1
704,70,0,1
644,93,1,0
511,65,0,0
341,33,1,1
530,80,0,1
416,21,1,1
54,69,0,1
803,77,1,1
676,6,1,1
297,37,1,0
186,84,0,1
402,86,1,0
737,81,0,0
48,31,0,1
341,27,0,1
951,15,1,1
17,8,1,0
324,30,1,1
424,76,0,1
913,38,1,1
721,13,1,0
153,25,1,1
322,36,0,0
106,92,0,0
256,83,1,1
617,29,1,0
804,30,0,1
327,25,0,1
35,65,0,0
671,20,1,0
593,93,1,1
167,32,0,0
216,79,0,1
920,40,1,1
626,23,0,1
170,97,1,0
107,78,1,1
498,92,0,1
657,33,1,1
465,34,0,0
472,22,0,0
488,16,1,1
671,10,0,1
334,28,1,1
124,62,1,1
243,85,1,1
585,92,1,1
487,49,0,1
781,5,0,0
979,18,1,0
333,37,0,1
532,45,0,0
865,20,0,1
557,25,0,0
645,10,1,1
995,34,1,1
349,68,0,0
526,22,1,0
139,43,1,0
161,82,0,0
406,68,1,1
55,14,0,1
410,62,1,1
321,79,0,0
878,27,1,1
871,26,0,0
92,32,0,0
157,93,0,0
317,72,1,0
328,69,1,1
681,90,1,0
440,67,1,0
926,99,0,1
167,72,0,0
132,96,0,0
497,90,0,1
430,41,0,1
282,23,0,0
824,64,0,1
626,59,0,1
578,25,1,0
112,9,1,0
748,34,0,0
227,80,0,1
60,15,1,1
834,5,0,1
170,68,0,0
603,27,1,0
817,53,1,0
921,31,0,1
515,8,0,0
